--
-- PostgreSQL database dump
--

-- Dumped from database version 9.5.3
-- Dumped by pg_dump version 9.5.3

-- Started on 2016-08-20 15:56:04

SET statement_timeout = 0;
SET lock_timeout = 0;
SET client_encoding = 'UTF8';
SET standard_conforming_strings = on;
SET check_function_bodies = false;
SET client_min_messages = warning;
SET row_security = off;

--
-- TOC entry 2143 (class 1262 OID 12373)
-- Dependencies: 2142
-- Name: postgres; Type: COMMENT; Schema: -; Owner: postgres
--

COMMENT ON DATABASE postgres IS 'default administrative connection database';


--
-- TOC entry 2 (class 3079 OID 12355)
-- Name: plpgsql; Type: EXTENSION; Schema: -; Owner: 
--

CREATE EXTENSION IF NOT EXISTS plpgsql WITH SCHEMA pg_catalog;


--
-- TOC entry 2146 (class 0 OID 0)
-- Dependencies: 2
-- Name: EXTENSION plpgsql; Type: COMMENT; Schema: -; Owner: 
--

COMMENT ON EXTENSION plpgsql IS 'PL/pgSQL procedural language';


--
-- TOC entry 1 (class 3079 OID 16484)
-- Name: adminpack; Type: EXTENSION; Schema: -; Owner: 
--

CREATE EXTENSION IF NOT EXISTS adminpack WITH SCHEMA pg_catalog;


--
-- TOC entry 2147 (class 0 OID 0)
-- Dependencies: 1
-- Name: EXTENSION adminpack; Type: COMMENT; Schema: -; Owner: 
--

COMMENT ON EXTENSION adminpack IS 'administrative functions for PostgreSQL';


SET search_path = public, pg_catalog;

SET default_tablespace = '';

SET default_with_oids = false;

--
-- TOC entry 182 (class 1259 OID 16393)
-- Name: applicant; Type: TABLE; Schema: public; Owner: postgres
--

CREATE TABLE applicant (
    applicant_id integer NOT NULL,
    first_name character varying(40),
    last_name character varying(40),
    mobile character varying(20),
    landline character varying(20),
    address character varying(250),
    date_of_birth date,
    gender character(1),
    email character varying(100),
    CONSTRAINT applicant_gender_check CHECK (((gender = 'F'::bpchar) OR (gender = 'M'::bpchar)))
);


ALTER TABLE applicant OWNER TO postgres;

--
-- TOC entry 2148 (class 0 OID 0)
-- Dependencies: 182
-- Name: TABLE applicant; Type: COMMENT; Schema: public; Owner: postgres
--

COMMENT ON TABLE applicant IS 'Applicants';


--
-- TOC entry 2149 (class 0 OID 0)
-- Dependencies: 182
-- Name: COLUMN applicant.applicant_id; Type: COMMENT; Schema: public; Owner: postgres
--

COMMENT ON COLUMN applicant.applicant_id IS 'Applicant ID';


--
-- TOC entry 2150 (class 0 OID 0)
-- Dependencies: 182
-- Name: COLUMN applicant.first_name; Type: COMMENT; Schema: public; Owner: postgres
--

COMMENT ON COLUMN applicant.first_name IS 'First name';


--
-- TOC entry 2151 (class 0 OID 0)
-- Dependencies: 182
-- Name: COLUMN applicant.last_name; Type: COMMENT; Schema: public; Owner: postgres
--

COMMENT ON COLUMN applicant.last_name IS 'Last name';


--
-- TOC entry 2152 (class 0 OID 0)
-- Dependencies: 182
-- Name: COLUMN applicant.mobile; Type: COMMENT; Schema: public; Owner: postgres
--

COMMENT ON COLUMN applicant.mobile IS 'Mobile number';


--
-- TOC entry 2153 (class 0 OID 0)
-- Dependencies: 182
-- Name: COLUMN applicant.landline; Type: COMMENT; Schema: public; Owner: postgres
--

COMMENT ON COLUMN applicant.landline IS 'Landline number';


--
-- TOC entry 2154 (class 0 OID 0)
-- Dependencies: 182
-- Name: COLUMN applicant.address; Type: COMMENT; Schema: public; Owner: postgres
--

COMMENT ON COLUMN applicant.address IS 'Address';


--
-- TOC entry 2155 (class 0 OID 0)
-- Dependencies: 182
-- Name: COLUMN applicant.date_of_birth; Type: COMMENT; Schema: public; Owner: postgres
--

COMMENT ON COLUMN applicant.date_of_birth IS 'Date of birth';


--
-- TOC entry 2156 (class 0 OID 0)
-- Dependencies: 182
-- Name: COLUMN applicant.gender; Type: COMMENT; Schema: public; Owner: postgres
--

COMMENT ON COLUMN applicant.gender IS 'Gender (F Female, M Male)';


--
-- TOC entry 184 (class 1259 OID 16404)
-- Name: application; Type: TABLE; Schema: public; Owner: postgres
--

CREATE TABLE application (
    position_id integer NOT NULL,
    applicant_id integer NOT NULL,
    date_applied date,
    status character varying(20)
);


ALTER TABLE application OWNER TO postgres;

--
-- TOC entry 2157 (class 0 OID 0)
-- Dependencies: 184
-- Name: TABLE application; Type: COMMENT; Schema: public; Owner: postgres
--

COMMENT ON TABLE application IS 'Applications';


--
-- TOC entry 2158 (class 0 OID 0)
-- Dependencies: 184
-- Name: COLUMN application.position_id; Type: COMMENT; Schema: public; Owner: postgres
--

COMMENT ON COLUMN application.position_id IS 'Position ID';


--
-- TOC entry 2159 (class 0 OID 0)
-- Dependencies: 184
-- Name: COLUMN application.applicant_id; Type: COMMENT; Schema: public; Owner: postgres
--

COMMENT ON COLUMN application.applicant_id IS 'Applicant ID';


--
-- TOC entry 2160 (class 0 OID 0)
-- Dependencies: 184
-- Name: COLUMN application.date_applied; Type: COMMENT; Schema: public; Owner: postgres
--

COMMENT ON COLUMN application.date_applied IS 'Date of application';


--
-- TOC entry 2161 (class 0 OID 0)
-- Dependencies: 184
-- Name: COLUMN application.status; Type: COMMENT; Schema: public; Owner: postgres
--

COMMENT ON COLUMN application.status IS 'Status of application';


--
-- TOC entry 183 (class 1259 OID 16399)
-- Name: position; Type: TABLE; Schema: public; Owner: postgres
--

CREATE TABLE "position" (
    position_id integer NOT NULL,
    title character varying(50),
    department character varying(50)
);


ALTER TABLE "position" OWNER TO postgres;

--
-- TOC entry 2162 (class 0 OID 0)
-- Dependencies: 183
-- Name: TABLE "position"; Type: COMMENT; Schema: public; Owner: postgres
--

COMMENT ON TABLE "position" IS 'Open positions';


--
-- TOC entry 2163 (class 0 OID 0)
-- Dependencies: 183
-- Name: COLUMN "position".position_id; Type: COMMENT; Schema: public; Owner: postgres
--

COMMENT ON COLUMN "position".position_id IS 'Position ID';


--
-- TOC entry 2164 (class 0 OID 0)
-- Dependencies: 183
-- Name: COLUMN "position".title; Type: COMMENT; Schema: public; Owner: postgres
--

COMMENT ON COLUMN "position".title IS 'Position title';


--
-- TOC entry 2165 (class 0 OID 0)
-- Dependencies: 183
-- Name: COLUMN "position".department; Type: COMMENT; Schema: public; Owner: postgres
--

COMMENT ON COLUMN "position".department IS 'Department';


--
-- TOC entry 187 (class 1259 OID 16471)
-- Name: application_view; Type: VIEW; Schema: public; Owner: postgres
--

CREATE VIEW application_view AS
 SELECT a.applicant_id,
    a.first_name,
    a.last_name,
    p.position_id,
    p.title,
    p.department,
    ap.date_applied,
    ap.status
   FROM application ap,
    applicant a,
    "position" p
  WHERE ((a.applicant_id = ap.applicant_id) AND (p.position_id = ap.position_id));


ALTER TABLE application_view OWNER TO postgres;

--
-- TOC entry 186 (class 1259 OID 16453)
-- Name: education; Type: TABLE; Schema: public; Owner: postgres
--

CREATE TABLE education (
    applicant_id integer NOT NULL,
    date_from date NOT NULL,
    date_to date,
    educational_institution character varying(50),
    details text
);


ALTER TABLE education OWNER TO postgres;

--
-- TOC entry 2166 (class 0 OID 0)
-- Dependencies: 186
-- Name: TABLE education; Type: COMMENT; Schema: public; Owner: postgres
--

COMMENT ON TABLE education IS 'Education';


--
-- TOC entry 2167 (class 0 OID 0)
-- Dependencies: 186
-- Name: COLUMN education.applicant_id; Type: COMMENT; Schema: public; Owner: postgres
--

COMMENT ON COLUMN education.applicant_id IS 'Applicant_ID';


--
-- TOC entry 2168 (class 0 OID 0)
-- Dependencies: 186
-- Name: COLUMN education.date_from; Type: COMMENT; Schema: public; Owner: postgres
--

COMMENT ON COLUMN education.date_from IS 'Date from';


--
-- TOC entry 2169 (class 0 OID 0)
-- Dependencies: 186
-- Name: COLUMN education.date_to; Type: COMMENT; Schema: public; Owner: postgres
--

COMMENT ON COLUMN education.date_to IS 'Date to (when NULL = "Until now")';


--
-- TOC entry 2170 (class 0 OID 0)
-- Dependencies: 186
-- Name: COLUMN education.educational_institution; Type: COMMENT; Schema: public; Owner: postgres
--

COMMENT ON COLUMN education.educational_institution IS 'Educational institution (school, college, university etc)';


--
-- TOC entry 2171 (class 0 OID 0)
-- Dependencies: 186
-- Name: COLUMN education.details; Type: COMMENT; Schema: public; Owner: postgres
--

COMMENT ON COLUMN education.details IS 'Course details';


--
-- TOC entry 185 (class 1259 OID 16440)
-- Name: work_experience; Type: TABLE; Schema: public; Owner: postgres
--

CREATE TABLE work_experience (
    applicant_id integer NOT NULL,
    date_from date NOT NULL,
    date_to date,
    company_name character varying(50),
    "position" character varying(50),
    details text
);


ALTER TABLE work_experience OWNER TO postgres;

--
-- TOC entry 2172 (class 0 OID 0)
-- Dependencies: 185
-- Name: TABLE work_experience; Type: COMMENT; Schema: public; Owner: postgres
--

COMMENT ON TABLE work_experience IS 'Work experience';


--
-- TOC entry 2173 (class 0 OID 0)
-- Dependencies: 185
-- Name: COLUMN work_experience.applicant_id; Type: COMMENT; Schema: public; Owner: postgres
--

COMMENT ON COLUMN work_experience.applicant_id IS 'Applicant ID';


--
-- TOC entry 2174 (class 0 OID 0)
-- Dependencies: 185
-- Name: COLUMN work_experience.date_from; Type: COMMENT; Schema: public; Owner: postgres
--

COMMENT ON COLUMN work_experience.date_from IS 'Date from';


--
-- TOC entry 2175 (class 0 OID 0)
-- Dependencies: 185
-- Name: COLUMN work_experience.date_to; Type: COMMENT; Schema: public; Owner: postgres
--

COMMENT ON COLUMN work_experience.date_to IS 'Date to';


--
-- TOC entry 2176 (class 0 OID 0)
-- Dependencies: 185
-- Name: COLUMN work_experience.company_name; Type: COMMENT; Schema: public; Owner: postgres
--

COMMENT ON COLUMN work_experience.company_name IS 'Company name';


--
-- TOC entry 2177 (class 0 OID 0)
-- Dependencies: 185
-- Name: COLUMN work_experience."position"; Type: COMMENT; Schema: public; Owner: postgres
--

COMMENT ON COLUMN work_experience."position" IS 'Position held';


--
-- TOC entry 2178 (class 0 OID 0)
-- Dependencies: 185
-- Name: COLUMN work_experience.details; Type: COMMENT; Schema: public; Owner: postgres
--

COMMENT ON COLUMN work_experience.details IS 'Employment details';


--
-- TOC entry 2133 (class 0 OID 16393)
-- Dependencies: 182
-- Data for Name: applicant; Type: TABLE DATA; Schema: public; Owner: postgres
--

COPY applicant (applicant_id, first_name, last_name, mobile, landline, address, date_of_birth, gender, email) FROM stdin;
3	Sergei	Ivanov	07504003020	02075234178	138 Sunray Ave, Bromley BR2 8EL, United Kingdom	1975-08-28	M	sergei.ivanov@example.com
1	Jane	Doe	07531594682	02081234567	221B Baker Street, London NW1 6XE, United Kingdom	1980-01-01	F	user@example.com
2	John	Smith	07894561230	\N	Westmister Abbey, 20 Deans Yd, London SW1P 3PA, United Kingdom	1990-01-06	M	myinbox@server.net
4	Elena	Ilyukhina	074006004090	01708556677	25 Crown Drive, Romford RM7 0FT, United Kingdom	1975-04-21	F	elena.ilyukhina@mymail.com
\.


--
-- TOC entry 2135 (class 0 OID 16404)
-- Dependencies: 184
-- Data for Name: application; Type: TABLE DATA; Schema: public; Owner: postgres
--

COPY application (position_id, applicant_id, date_applied, status) FROM stdin;
1	2	2016-07-10	Received
1	1	2016-07-15	Being reviewed
1	3	2016-08-19	Successful
1	4	2016-04-07	Under assessment
\.


--
-- TOC entry 2137 (class 0 OID 16453)
-- Dependencies: 186
-- Data for Name: education; Type: TABLE DATA; Schema: public; Owner: postgres
--

COPY education (applicant_id, date_from, date_to, educational_institution, details) FROM stdin;
1	2016-01-01	\N	Coursera	Full Stack Web Development
2	2003-09-01	2007-05-31	University of Hertfordshire	BSc Information Technology
1	2000-01-01	2004-12-31	University of London	BSc Computer Science
3	1992-09-01	1998-03-01	Moscow State Engineering-Physics Institute	Applied Mathematics / Software Systems
4	1992-09-01	1998-03-01	Moscow State Engineering-Physics Institute	Applied Mathematics / Software Systems
4	2016-06-01	\N	Coursera	Algorithmic Toolbox
\.


--
-- TOC entry 2134 (class 0 OID 16399)
-- Dependencies: 183
-- Data for Name: position; Type: TABLE DATA; Schema: public; Owner: postgres
--

COPY "position" (position_id, title, department) FROM stdin;
1	Java Developer	IT
\.


--
-- TOC entry 2136 (class 0 OID 16440)
-- Dependencies: 185
-- Data for Name: work_experience; Type: TABLE DATA; Schema: public; Owner: postgres
--

COPY work_experience (applicant_id, date_from, date_to, company_name, "position", details) FROM stdin;
1	2016-01-01	\N	Google	Senior Developer	Worked on Google Maps
2	2005-10-15	2011-12-31	Amazon	QA Engineer	Worked with various test automation tools
1	2010-01-01	2015-12-31	eBay	Developer	Worked on multiple projects within the IT department
2	2012-01-01	\N	Sainsbury's	Head of QA	All activities related to testing
3	2015-01-01	\N	Deutsche Bank	Lead Developer	Development and support of bank's own trading system
4	2014-09-15	\N	hzcon GmbH	ABAP Developer	Development and support of SAP CRM solution for an utilities company
\.


--
-- TOC entry 2004 (class 2606 OID 16397)
-- Name: applicant_pkey; Type: CONSTRAINT; Schema: public; Owner: postgres
--

ALTER TABLE ONLY applicant
    ADD CONSTRAINT applicant_pkey PRIMARY KEY (applicant_id);


--
-- TOC entry 2008 (class 2606 OID 16408)
-- Name: application_pkey; Type: CONSTRAINT; Schema: public; Owner: postgres
--

ALTER TABLE ONLY application
    ADD CONSTRAINT application_pkey PRIMARY KEY (position_id, applicant_id);


--
-- TOC entry 2013 (class 2606 OID 16483)
-- Name: education_pkey; Type: CONSTRAINT; Schema: public; Owner: postgres
--

ALTER TABLE ONLY education
    ADD CONSTRAINT education_pkey PRIMARY KEY (applicant_id, date_from);


--
-- TOC entry 2006 (class 2606 OID 16403)
-- Name: position_pkey; Type: CONSTRAINT; Schema: public; Owner: postgres
--

ALTER TABLE ONLY "position"
    ADD CONSTRAINT position_pkey PRIMARY KEY (position_id);


--
-- TOC entry 2011 (class 2606 OID 16481)
-- Name: work_experience_pkey; Type: CONSTRAINT; Schema: public; Owner: postgres
--

ALTER TABLE ONLY work_experience
    ADD CONSTRAINT work_experience_pkey PRIMARY KEY (applicant_id, date_from);


--
-- TOC entry 2009 (class 1259 OID 16424)
-- Name: fki_application_applicant_id_fkey; Type: INDEX; Schema: public; Owner: postgres
--

CREATE INDEX fki_application_applicant_id_fkey ON application USING btree (applicant_id);


--
-- TOC entry 2015 (class 2606 OID 16435)
-- Name: application_applicant_id_fkey; Type: FK CONSTRAINT; Schema: public; Owner: postgres
--

ALTER TABLE ONLY application
    ADD CONSTRAINT application_applicant_id_fkey FOREIGN KEY (applicant_id) REFERENCES applicant(applicant_id);


--
-- TOC entry 2014 (class 2606 OID 16430)
-- Name: application_position_id_fkey; Type: FK CONSTRAINT; Schema: public; Owner: postgres
--

ALTER TABLE ONLY application
    ADD CONSTRAINT application_position_id_fkey FOREIGN KEY (position_id) REFERENCES "position"(position_id);


--
-- TOC entry 2017 (class 2606 OID 16461)
-- Name: education_applicant_id_fkey; Type: FK CONSTRAINT; Schema: public; Owner: postgres
--

ALTER TABLE ONLY education
    ADD CONSTRAINT education_applicant_id_fkey FOREIGN KEY (applicant_id) REFERENCES applicant(applicant_id);


--
-- TOC entry 2016 (class 2606 OID 16448)
-- Name: work_experience_applicant_id_fkey; Type: FK CONSTRAINT; Schema: public; Owner: postgres
--

ALTER TABLE ONLY work_experience
    ADD CONSTRAINT work_experience_applicant_id_fkey FOREIGN KEY (applicant_id) REFERENCES applicant(applicant_id);


--
-- TOC entry 2145 (class 0 OID 0)
-- Dependencies: 7
-- Name: public; Type: ACL; Schema: -; Owner: postgres
--

REVOKE ALL ON SCHEMA public FROM PUBLIC;
REVOKE ALL ON SCHEMA public FROM postgres;
GRANT ALL ON SCHEMA public TO postgres;
GRANT ALL ON SCHEMA public TO PUBLIC;


-- Completed on 2016-08-20 15:56:05

--
-- PostgreSQL database dump complete
--

